INSERT INTO users (id, name, age) VALUES
(1, "Joe", 24),
(2, "Karen", 18),
(3, "Nora", 70),
(4, "Kris Kringle", 25),
(5, "T.I.", 78),
(6, "Ludacris", 60),
(7, "Missy Elliot", 45),
(8, "E-V-E", 34),
(9, "Future", 30),
(10, "Migos 1", 40),
(11, "Migos 2", 40),
(12, "Migos 3", 33),
(13, "Gucci Gang", 21),
(14, "XXXTentacion", 22),
(15, "Sir Mix-a-Lot", 60),
(16, "Salt", 50),
(17, "Big Boi", 48),
(18, "Andre 3000", 49),
(19, "Cee-Lo", 50),
(20, "Young Thug", 33);


INSERT INTO projects (id, title, category, funding_goal, start_date, end_date) VALUES 
(1, "Organized Noize", "Southern", "50000", "1995-01-01", "2007-01-01"),
(2, "Crunk", "Southern", "100000", "1999-01-01", "2003-12-24"),
(3, "Three-6 Mafia", "Southern", "363636363", "1997-01-01", "2006-01-01"),
(4, "Run DMC", "Brooklyn", "777777", "1981-05-01", "1993-06-01"),
(5, 'Voldement needs a body', 'charity', 6000.00, '2013-03-20', '2013-09-20'),
(6, 'The next Inna-Gadda-Davida', 'music', 200.00, '2014-12-30', '2015-12-30'),
(7, 'Iguana needs tail operation', 'charity', 2000.00, '2013-10-02', '2013-10-30'),
(8, 'I have bed bugs!', 'charity', 800.00, '2014-06-30', '2014-06-31'),
(9, 'I want to teach English in China', 'charity', 3000.00, '2013-06-30', '2013-09-30'),
(10, 'Help save birds of paradise', 'charity', 5000.00, '2012-03-20', '2013-06-30');

INSERT INTO pledges (id, amount, user_id, project_id) VALUES
(1, 10.00, 1, 2),
(2, 20.00, 1, 3),
(3, 40.00, 1, 4),
(4, 50.00, 2, 3),
(5, 10.00, 3, 2),
(6, 20.00, 4, 4),
(7, 40.00, 5, 10),
(8, 60.00, 6, 10),
(9, 50.00, 7, 9),
(10, 700.00, 8, 8),
(11, 1000.00, 8, 7),
(12, 40.00, 9, 6),
(13, 50.00, 9, 3),
(14, 50.00, 10, 4),
(15, 24.00, 12, 1),
(16, 34.00, 11, 1),
(17, 12.00, 13, 6),
(18, 19.00, 14, 5),
(19, 20.00, 15, 5),
(20, 40.00, 16, 6),
(21, 35.50, 17, 7),
(22, 40.00, 18, 8),
(23, 60.00, 19, 9),
(24, 70.00, 20, 10),
(25, 100.00, 20, 4),
(26, 40.00, 19, 1),
(27, 20.00, 18, 6),
(28, 90.00, 17, 9),
(29, 230.00, 16, 6),
(30, 450.00, 15, 5);