INSERT INTO users (id, name, age) VALUES
(1, 'Anna', 34), (2, 'Jose', 28), (3, 'Jiyong', 57),
(4, 'Leon', 38), (5, 'Paul', 27), (6, 'Ta-shawn', 43),
(7, 'Betty', 64), (8, 'Jay', 31), (9, 'Park', 19),
(10, 'JP', 94), (11, 'Jaebum', 24), (12, 'Mr.Worldwide', 29),
(13, 'GD', 52), (14, 'Dpr Live', 24), (15, 'Chowder', 9),
(16, 'Flap Jack', 100), (17, 'CL', 46), (18, 'Christy', 84),
(19, 'Eric', 26), (20, 'Sooyoung', 99);

INSERT INTO projects (id, title,category,funding_goal,start_date,end_date) VALUES
(1, "Buy me things", "charity", 200, "2019-06-12", "2019-06-30"),
(2, "Medical bills", "charity", 5500, "2019-01-02", "2019-03-20"),
(3, "Help end homelessness", "charity", 20000, "2013-07-23", "2019-01-04"),
(4, "decriminalize cannabis", "charity", 3000, "2010-04-01", "2020-04-20"),
(5, "study abroad", "charity", 6000, "2034-06-07", "2035-02-09"),
(6, "make the best sandwhich!", "charity", 10, "2019-01-01", "2020-01-01"),
(7, "Just donate", "charity", 10, "2020-07-16", "2020-07-018"),
(8, "buy a new computer", "charity", 1000, "2019-01-28", "2019-07-18"),
(9, "time travel home", "charity", 80000, "1939-02-30", "2050-06-30"),
(10, "Idk man", "charity", 50, "2020-01-01", "2020-02-02");

INSERT INTO pledges (id, amount,user_id,project_id) VALUES (1,1.00,1,1),(2,2.00,2,2),(3,3.00,3,3),
(4,4.00,4,4),(5,5.00,5,5),(6,6.00,6,6),
(7,7.00,7,7),(8,8.00,8,8),(9,9.00,9,9),
(10,10.00,10,10),(11,11.00,11,1),(12,12.00,12,2),
(13,13.00,13,3),(14,14.00,14,4),(15,15.00,15,5),
(16,16.00,16,6),(17,17.00,17,7),(18,18.00,18,8),
(19,19.00,19,9),(20,20.00,20,10),(21,21.00,1,1),
(22,22.00,2,2),(23,23.00,3,3),(24,24.00,4,4),
(25,25.00,5,5),(26,26.00,6,6),(27,27.00,7,7),
(28,28.00,8,8),(29,29.00,9,9),(30,30.00,10,10);
